<?xml version="1.0" encoding="UTF-8"?>
<!DOCTYPE suite SYSTEM "https://testng.org/testng-1.0.dtd">
<suite name="TestSuite">
  <test thread-count="5" name="Test">
	  <parameter name="browser" value="chrome"/>
	  <classes>
		  <!--<class name="usecase_Testcases.HT_TC_001"></class>-->
		  <!--<class name="usecase_Testcases.HT_TC_002"></class>-->
		  <!--<class name="usecase_Testcases.HT_TC_003"></class>-->
		  <!--<class name="usecase_Testcases.HT_TC_004"></class>-->
		  <class name="usecase_Testcases.Amazon_Case"></class>
	  </classes>
  </test> <!-- Test -->
</suite> <!-- Suite -->
